ENCFF747IZZ	bed narrowPeak	conservative idr thresholded peaks	ENCSR342THD	ChIP-seq	EFO:0002784	GM12878	cell line	Homo sapiens				BCLAF1-human	DNA					False	2017-04-14	ENCODE				1, 2							ENCFF001TDO, ENCFF082QVO, ENCFF222GJV, ENCFF308RFY	23586	ENCODE Processing Pipeline	5a2b0ca2ff771fe2ac4eba74d772cf86		https://www.encodeproject.org/files/ENCFF747IZZ/@@download/ENCFF747IZZ.bed.gz	hg19			released		moderate library complexity, mild to moderate bottlenecking, antibody characterized with exemption, borderline replicate concordance			
ENCFF587YZD	bed narrowPeak	conservative idr thresholded peaks	ENCSR000BGD	ChIP-seq	EFO:0002784	GM12878	cell line	Homo sapiens				POLR2A-human	DNA		see document	see document		False	2011-07-18	ENCODE				1, 2							ENCFF001TDO, ENCFF591LRS, ENCFF630QJJ, ENCFF879SHG	770947	ENCODE Processing Pipeline	2a62f1a3226d5ff0a91a3469fb6ab8e6		https://www.encodeproject.org/files/ENCFF587YZD/@@download/ENCFF587YZD.bed.gz	hg19			released		low read length, mild to moderate bottlenecking, low read depth	biological replicates with identical biosample		
ENCFF593EHO	bed narrowPeak	conservative idr thresholded peaks	ENCSR746XEG	ChIP-seq	EFO:0002784	GM12878	cell line	Homo sapiens				NFXL1-human	DNA					False	2017-05-17	ENCODE				1, 2							ENCFF001TDO, ENCFF044ASF, ENCFF635ZSK, ENCFF763SSU	71564	ENCODE Processing Pipeline	b44f16e0ecc26b10f1184749715aed2d		https://www.encodeproject.org/files/ENCFF593EHO/@@download/ENCFF593EHO.bed.gz	hg19			released		mild to moderate bottlenecking, antibody characterized with exemption, borderline replicate concordance			
ENCFF880NTF	bed narrowPeak	conservative idr thresholded peaks	ENCSR841NDX	ChIP-seq	EFO:0002784	GM12878	cell line	Homo sapiens				ELF1-human	DNA					False	2017-06-26	ENCODE				1, 2							ENCFF001TDO, ENCFF244PNH, ENCFF359FUJ, ENCFF756XID	548610	ENCODE Processing Pipeline	ca168092a37a1c29188b592ca7a4bb73		https://www.encodeproject.org/files/ENCFF880NTF/@@download/ENCFF880NTF.bed.gz	hg19			released		mild to moderate bottlenecking, antibody characterized with exemption			
ENCFF922UWO	bed narrowPeak	conservative idr thresholded peaks	ENCSR016UEH	ChIP-seq	EFO:0002784	GM12878	cell line	Homo sapiens				TARDBP-human	DNA		see document	see document		False	2016-11-08	ENCODE				1, 2							ENCFF001TDO, ENCFF025MTA, ENCFF168RYI, ENCFF500LLP	99146	ENCODE Processing Pipeline	0c72aef876eaf319f80ae883f65aff84		https://www.encodeproject.org/files/ENCFF922UWO/@@download/ENCFF922UWO.bed.gz	hg19			released		low read depth, borderline replicate concordance			
ENCFF642JEY	bed narrowPeak	conservative idr thresholded peaks	ENCSR839XZU	ChIP-seq	EFO:0002784	GM12878	cell line	Homo sapiens				CREM-human	DNA		see document	see document		False	2014-07-07	ENCODE				1, 2							ENCFF001TDO, ENCFF263KGZ, ENCFF510TYC, ENCFF874IMP	475482	ENCODE Processing Pipeline	0e18718a3bd65d189c46e0d31de54a86		https://www.encodeproject.org/files/ENCFF642JEY/@@download/ENCFF642JEY.bed.gz	hg19			released		antibody characterized with exemption, low read depth			
ENCFF294BZJ	bed narrowPeak	conservative idr thresholded peaks	ENCSR000BNP	ChIP-seq	EFO:0002784	GM12878	cell line	Homo sapiens				YY1-human	DNA		see document	see document		False	2011-07-18	ENCODE				1, 2							ENCFF001TDO, ENCFF138XMK, ENCFF794ILD, ENCFF864PVD	559947	ENCODE Processing Pipeline	a53e587a32b6cbacb2ff75b4145c632a		https://www.encodeproject.org/files/ENCFF294BZJ/@@download/ENCFF294BZJ.bed.gz	hg19			released		low read length, mild to moderate bottlenecking, low read depth	biological replicates with identical biosample		
ENCFF237IPT	bed narrowPeak	conservative idr thresholded peaks	ENCSR725VFL	ChIP-seq	EFO:0002784	GM12878	cell line	Homo sapiens				TCF12-human	DNA					False	2017-06-07	ENCODE				1, 2							ENCFF001TDO, ENCFF531FOV, ENCFF595TGO, ENCFF601WVR	210893	ENCODE Processing Pipeline	1148d4d190f740ca04d1da1c3c130161		https://www.encodeproject.org/files/ENCFF237IPT/@@download/ENCFF237IPT.bed.gz	hg19			released		moderate library complexity, mild to moderate bottlenecking, antibody characterized with exemption			
ENCFF082DHF	bed narrowPeak	conservative idr thresholded peaks	ENCSR813DCK	ChIP-seq	EFO:0002784	GM12878	cell line	Homo sapiens				SMAD1-human	DNA					False	2018-01-26	ENCODE				1, 2							ENCFF001TDO, ENCFF057LDF, ENCFF562WIC, ENCFF916SIZ	131178	ENCODE Processing Pipeline	de353e6e315617759d3377c57217670d		https://www.encodeproject.org/files/ENCFF082DHF/@@download/ENCFF082DHF.bed.gz	hg19			released		mild to moderate bottlenecking, low read depth	experiment not submitted to GEO	partially characterized antibody	
ENCFF444FZU	bed narrowPeak	conservative idr thresholded peaks	ENCSR828NCB	ChIP-seq	EFO:0002784	GM12878	cell line	Homo sapiens				GATAD2B-human	DNA					False	2017-05-17	ENCODE				1, 2							ENCFF001TDO, ENCFF040LOQ, ENCFF271HBJ, ENCFF855RKW	512344	ENCODE Processing Pipeline	d043d4d8050cece9f235e8cb422bb9c8		https://www.encodeproject.org/files/ENCFF444FZU/@@download/ENCFF444FZU.bed.gz	hg19			released		moderate library complexity, mild to moderate bottlenecking, low read depth			
ENCFF112HEG	bed narrowPeak	conservative idr thresholded peaks	ENCSR509FWH	ChIP-seq	EFO:0002784	GM12878	cell line	Homo sapiens				DPF2-human	DNA					False	2017-05-17	ENCODE				1, 2							ENCFF001TDO, ENCFF150YMV, ENCFF496AHM, ENCFF943NIH	714952	ENCODE Processing Pipeline	750e265cd53447f148a1300f0821ab9c		https://www.encodeproject.org/files/ENCFF112HEG/@@download/ENCFF112HEG.bed.gz	hg19			released		mild to moderate bottlenecking			
ENCFF791WCX	bed narrowPeak	conservative idr thresholded peaks	ENCSR459FTB	ChIP-seq	EFO:0002784	GM12878	cell line	Homo sapiens				UBTF-human	DNA					False	2014-07-07	ENCODE				1, 2							ENCFF001TDO, ENCFF191TQD, ENCFF688WOB, ENCFF878ZPT	18148	ENCODE Processing Pipeline	c285a9bceb41e31fedc33fb964bf1484		https://www.encodeproject.org/files/ENCFF791WCX/@@download/ENCFF791WCX.bed.gz	hg19			released		low read length, mild to moderate bottlenecking, low read depth, borderline replicate concordance			
ENCFF499CTR	bed narrowPeak	conservative idr thresholded peaks	ENCSR459FTB	ChIP-seq	EFO:0002784	GM12878	cell line	Homo sapiens				UBTF-human	DNA					False	2014-07-07	ENCODE				1, 2							ENCFF001TDO, ENCFF830BYO, ENCFF882ZXB, ENCFF911LYM	15112	ENCODE Processing Pipeline	b108c317673dec9960139af499b92dbe		https://www.encodeproject.org/files/ENCFF499CTR/@@download/ENCFF499CTR.bed.gz	hg19			archived		low read length, mild to moderate bottlenecking, low read depth, borderline replicate concordance			
ENCFF269VEH	bed narrowPeak	conservative idr thresholded peaks	ENCSR732PJX	ChIP-seq	EFO:0002784	GM12878	cell line	Homo sapiens				NKRF-human	DNA					False	2017-05-17	ENCODE				1, 2							ENCFF001TDO, ENCFF376NJG, ENCFF706HYT, ENCFF826MZV	350792	ENCODE Processing Pipeline	424ac5838c8360d62a00df52ba7b13bd		https://www.encodeproject.org/files/ENCFF269VEH/@@download/ENCFF269VEH.bed.gz	hg19			released		mild to moderate bottlenecking			
ENCFF948QKK	bed narrowPeak	conservative idr thresholded peaks	ENCSR391IWM	ChIP-seq	EFO:0002784	GM12878	cell line	Homo sapiens				KDM1A-human	DNA					False	2016-11-24	ENCODE				1, 2							ENCFF001TDO, ENCFF040IUQ, ENCFF385GVM, ENCFF387DEN	5677	ENCODE Processing Pipeline	460b13a7706174d975939eb5429a1ec9		https://www.encodeproject.org/files/ENCFF948QKK/@@download/ENCFF948QKK.bed.gz	hg19			released		borderline replicate concordance			
ENCFF645CEC	bed narrowPeak	conservative idr thresholded peaks	ENCSR330OEO	ChIP-seq	EFO:0002784	GM12878	cell line	Homo sapiens				HDAC2-human	DNA					False	2017-08-12	ENCODE				1, 2							ENCFF001TDO, ENCFF080QIA, ENCFF436WQE, ENCFF501TBE	25236	ENCODE Processing Pipeline	19bac53993ac51017d239f2de83e322f		https://www.encodeproject.org/files/ENCFF645CEC/@@download/ENCFF645CEC.bed.gz	hg19			released					
ENCFF701HMB	bed narrowPeak	conservative idr thresholded peaks	ENCSR681NOM	ChIP-seq	EFO:0002784	GM12878	cell line	Homo sapiens				CEBPB-human	DNA					False	2014-07-07	ENCODE				1, 2							ENCFF001TDO, ENCFF017STY, ENCFF284OML, ENCFF300RLB	24646	ENCODE Processing Pipeline	6adf828cfedc2895068a98b7807ac904		https://www.encodeproject.org/files/ENCFF701HMB/@@download/ENCFF701HMB.bed.gz	hg19			released		low read length, low read depth			
ENCFF969EMZ	bed narrowPeak	conservative idr thresholded peaks	ENCSR000BHD	ChIP-seq	EFO:0002784	GM12878	cell line	Homo sapiens				PAX5-human	DNA		see document	see document		False	2011-07-18	ENCODE				1, 2							ENCFF001TDO, ENCFF252RWC, ENCFF565JQY, ENCFF915CCU	365148	ENCODE Processing Pipeline	3d7ef811461c889b0ff18ad7fd6b62dc		https://www.encodeproject.org/files/ENCFF969EMZ/@@download/ENCFF969EMZ.bed.gz	hg19			released		moderate library complexity, low read length, mild to moderate bottlenecking, low read depth	biological replicates with identical biosample		
ENCFF838MWP	bed narrowPeak	conservative idr thresholded peaks	ENCSR000DZK	ChIP-seq	EFO:0002784	GM12878	cell line	Homo sapiens				POLR2AphosphoS2-human	DNA		see document	see document		False	2011-10-29	ENCODE				1, 2							ENCFF001TDO, ENCFF574RRB, ENCFF707YNJ, ENCFF998HJZ	202172	ENCODE Processing Pipeline	1d5e843d35bc289f4e42170828207fa3		https://www.encodeproject.org/files/ENCFF838MWP/@@download/ENCFF838MWP.bed.gz	hg19			released		moderate library complexity, inconsistent target of control experiment, low read length, mild to moderate bottlenecking, low read depth	biological replicates with identical biosample		
ENCFF817AOQ	bed narrowPeak	conservative idr thresholded peaks	ENCSR501DKS	ChIP-seq	EFO:0002784	GM12878	cell line	Homo sapiens				TCF7-human	DNA		see document	see document		False	2014-07-07	ENCODE				1, 2							ENCFF001TDO, ENCFF508MRO, ENCFF925ZGX, ENCFF988AWI	151146	ENCODE Processing Pipeline	d6f30f82bca591b0adba46bb845d147f		https://www.encodeproject.org/files/ENCFF817AOQ/@@download/ENCFF817AOQ.bed.gz	hg19			released		antibody characterized with exemption, low read depth, borderline replicate concordance			
ENCFF482FJT	bed narrowPeak	conservative idr thresholded peaks	ENCSR000BGT	ChIP-seq	EFO:0002784	GM12878	cell line	Homo sapiens				BATF-human	DNA		see document	see document		False	2011-07-18	ENCODE				1, 2							ENCFF001TDO, ENCFF078EBJ, ENCFF521MBW, ENCFF887VZZ	477696	ENCODE Processing Pipeline	ab16892958a2724272194ef04bcd92f5		https://www.encodeproject.org/files/ENCFF482FJT/@@download/ENCFF482FJT.bed.gz	hg19			released		low read length, low read depth	biological replicates with identical biosample		
ENCFF662JYS	bed narrowPeak	conservative idr thresholded peaks	ENCSR009MBP	ChIP-seq	EFO:0002784	GM12878	cell line	Homo sapiens				HSF1-human	DNA					False	2014-07-07	ENCODE				1, 2							ENCFF001TDO, ENCFF421XER, ENCFF607QZV, ENCFF618CLL	38024	ENCODE Processing Pipeline	f43584d0adf84ff001a0288425a3391b		https://www.encodeproject.org/files/ENCFF662JYS/@@download/ENCFF662JYS.bed.gz	hg19			released		low read length, mild to moderate bottlenecking, low read depth			
ENCFF163DWT	bed narrowPeak	conservative idr thresholded peaks	ENCSR117KWH	ChIP-seq	EFO:0002784	GM12878	cell line	Homo sapiens				ZNF207-human	DNA					False	2014-07-07	ENCODE				1, 2							ENCFF001TDO, ENCFF432JWQ, ENCFF744DJH, ENCFF790EAG	156679	ENCODE Processing Pipeline	d2d1c783a92bc1da03cb8299e1838a8b		https://www.encodeproject.org/files/ENCFF163DWT/@@download/ENCFF163DWT.bed.gz	hg19			released		mild to moderate bottlenecking, antibody characterized with exemption			
ENCFF568FPC	bed narrowPeak	conservative idr thresholded peaks	ENCSR332EYT	ChIP-seq	EFO:0002784	GM12878	cell line	Homo sapiens				STAT1-human	DNA					False	2014-07-07	ENCODE				1, 2							ENCFF001TDO, ENCFF073OWF, ENCFF709QKK, ENCFF921NFP	92489	ENCODE Processing Pipeline	af27fd62812a77a539dc18643134241a		https://www.encodeproject.org/files/ENCFF568FPC/@@download/ENCFF568FPC.bed.gz	hg19			released		mild to moderate bottlenecking, antibody characterized with exemption, borderline replicate concordance			
ENCFF680DVR	bed narrowPeak	conservative idr thresholded peaks	ENCSR332EYT	ChIP-seq	EFO:0002784	GM12878	cell line	Homo sapiens				STAT1-human	DNA					False	2014-07-07	ENCODE				1, 2							ENCFF001TDO, ENCFF019TKV, ENCFF294YGK, ENCFF728RVS	74771	ENCODE Processing Pipeline	4e3a57aac6eea715e3793c4cdd90f078		https://www.encodeproject.org/files/ENCFF680DVR/@@download/ENCFF680DVR.bed.gz	hg19			archived		mild to moderate bottlenecking, antibody characterized with exemption, borderline replicate concordance			
ENCFF173KPE	bed narrowPeak	conservative idr thresholded peaks	ENCSR552XSN	ChIP-seq	EFO:0002784	GM12878	cell line	Homo sapiens				MLLT1-human	DNA					False	2016-08-24	ENCODE				1, 2							ENCFF001TDO, ENCFF657OOK, ENCFF942NGM, ENCFF966NTL	759703	ENCODE Processing Pipeline	7f99322160804166f10ede1034658a12		https://www.encodeproject.org/files/ENCFF173KPE/@@download/ENCFF173KPE.bed.gz	hg19			released		mild to moderate bottlenecking			
ENCFF388DPA	bed narrowPeak	conservative idr thresholded peaks	ENCSR482TWQ	ChIP-seq	EFO:0002784	GM12878	cell line	Homo sapiens				RAD51-human	DNA					False	2016-11-17	ENCODE				1, 2							ENCFF001TDO, ENCFF014TGJ, ENCFF270NTV, ENCFF310LKB	257624	ENCODE Processing Pipeline	f530d2f41e02007060057add9d54d2df		https://www.encodeproject.org/files/ENCFF388DPA/@@download/ENCFF388DPA.bed.gz	hg19			released		moderate library complexity, mild to moderate bottlenecking, inconsistent platforms			
ENCFF257OPZ	bed narrowPeak	conservative idr thresholded peaks	ENCSR278SQL	ChIP-seq	EFO:0002784	GM12878	cell line	Homo sapiens				NBN-human	DNA					False	2016-08-24	ENCODE				1, 2							ENCFF001TDO, ENCFF174HNI, ENCFF211SVA, ENCFF635TWM	678523	ENCODE Processing Pipeline	9abb0314463e065dfc4d65defa687423		https://www.encodeproject.org/files/ENCFF257OPZ/@@download/ENCFF257OPZ.bed.gz	hg19			released					
ENCFF428HSL	bed narrowPeak	conservative idr thresholded peaks	ENCSR751CJG	ChIP-seq	EFO:0002784	GM12878	cell line	Homo sapiens				CHD4-human	DNA					False	2016-11-23	ENCODE				1, 2							ENCFF001TDO, ENCFF477RJI, ENCFF544DYV, ENCFF593OVL	16357	ENCODE Processing Pipeline	763ac34104a73b06b54df4105e41159f		https://www.encodeproject.org/files/ENCFF428HSL/@@download/ENCFF428HSL.bed.gz	hg19			released		mild to moderate bottlenecking, borderline replicate concordance			
ENCFF426XYB	bed narrowPeak	conservative idr thresholded peaks	ENCSR835XKS	ChIP-seq	EFO:0002784	GM12878	cell line	Homo sapiens				TRIM22-human	DNA					False	2016-07-28	ENCODE				1, 2							ENCFF001TDO, ENCFF350OGU, ENCFF543JOD, ENCFF568AYW	528427	ENCODE Processing Pipeline	b8943d616c7785b27445565935cb13fd		https://www.encodeproject.org/files/ENCFF426XYB/@@download/ENCFF426XYB.bed.gz	hg19			released		low read depth			
ENCFF360OXD	bed narrowPeak	conservative idr thresholded peaks	ENCSR412QBS	ChIP-seq	EFO:0002784	GM12878	cell line	Homo sapiens				TARDBP-human	DNA					False	2016-04-22	ENCODE				1, 2							ENCFF001TDO, ENCFF016QUV, ENCFF187SWR, ENCFF354CAT	322109	ENCODE Processing Pipeline	2cf74eb6c77b5825a3ba1553d2be39bf		https://www.encodeproject.org/files/ENCFF360OXD/@@download/ENCFF360OXD.bed.gz	hg19			released					
ENCFF340WUW	bed narrowPeak	conservative idr thresholded peaks	ENCSR706YUH	ChIP-seq	EFO:0002784	GM12878	cell line	Homo sapiens				SMARCA5-human	DNA					False	2017-06-07	ENCODE				1, 2							ENCFF001TDO, ENCFF159DHF, ENCFF552GWT, ENCFF647XXJ	385876	ENCODE Processing Pipeline	37efc4cd7655ee72af44aac3ce2c4428		https://www.encodeproject.org/files/ENCFF340WUW/@@download/ENCFF340WUW.bed.gz	hg19			released		mild to moderate bottlenecking			
ENCFF657GJK	bed narrowPeak	conservative idr thresholded peaks	ENCSR072PWP	ChIP-seq	EFO:0002784	GM12878	cell line	Homo sapiens				ZNF24-human	DNA					False	2017-06-26	ENCODE				1, 2							ENCFF001TDO, ENCFF593RSQ, ENCFF882PND, ENCFF956UUX	211460	ENCODE Processing Pipeline	f636463f5b1e5b712a6060fdc5ea3b36		https://www.encodeproject.org/files/ENCFF657GJK/@@download/ENCFF657GJK.bed.gz	hg19			released		mild to moderate bottlenecking, antibody characterized with exemption			
ENCFF359EFT	bed narrowPeak	conservative idr thresholded peaks	ENCSR000BQL	ChIP-seq	EFO:0002784	GM12878	cell line	Homo sapiens				NFATC1-human	DNA		see document	see document		False	2012-02-29	ENCODE				1, 2							ENCFF001TDO, ENCFF186XBP, ENCFF838ATU, ENCFF948UJN	234706	ENCODE Processing Pipeline	73d24d9b9ce1a201a165ea6e36994ebf		https://www.encodeproject.org/files/ENCFF359EFT/@@download/ENCFF359EFT.bed.gz	hg19			released		low read length, inconsistent platforms	biological replicates with identical biosample		
ENCFF220QMP	bed narrowPeak	conservative idr thresholded peaks	ENCSR000BHA	ChIP-seq	EFO:0002784	GM12878	cell line	Homo sapiens				BCL11A-human	DNA		see document	see document		False	2011-07-18	ENCODE				1, 2							ENCFF001TDO, ENCFF046PLS, ENCFF080MVF, ENCFF289FQM	276903	ENCODE Processing Pipeline	b25a27c2324b76b9f5e1fa777f7be77d		https://www.encodeproject.org/files/ENCFF220QMP/@@download/ENCFF220QMP.bed.gz	hg19			released		low read length, low read depth	biological replicates with identical biosample		
ENCFF511YXY	bed narrowPeak	conservative idr thresholded peaks	ENCSR000BGR	ChIP-seq	EFO:0002784	GM12878	cell line	Homo sapiens				PBX3-human	DNA		see document	see document		False	2011-07-18	ENCODE				1, 2							ENCFF001TDO, ENCFF312KOJ, ENCFF961XVK, ENCFF999YFK	55845	ENCODE Processing Pipeline	595f0e4565a0cb650baa79f4fdfe2bf1		https://www.encodeproject.org/files/ENCFF511YXY/@@download/ENCFF511YXY.bed.gz	hg19			released		moderate library complexity, low read length, mild to moderate bottlenecking, low read depth	biological replicates with identical biosample	insufficient replicate concordance	
ENCFF626WXN	bed narrowPeak	conservative idr thresholded peaks	ENCSR469WII	ChIP-seq	EFO:0002784	GM12878	cell line	Homo sapiens				BMI1-human	DNA					False	2016-11-18	ENCODE				1, 2							ENCFF001TDO, ENCFF089KCX, ENCFF159QMJ, ENCFF827JSS	191063	ENCODE Processing Pipeline	1ec7ef06113c481e7e9e8992ed4ad8e6		https://www.encodeproject.org/files/ENCFF626WXN/@@download/ENCFF626WXN.bed.gz	hg19			released		moderate library complexity, mild to moderate bottlenecking			
ENCFF593FGJ	bed narrowPeak	conservative idr thresholded peaks	ENCSR000BGE	ChIP-seq	EFO:0002784	GM12878	cell line	Homo sapiens				SRF-human	DNA		see document	see document		False	2011-07-18	ENCODE				1, 2							ENCFF001TDO, ENCFF339GTZ, ENCFF613VCR, ENCFF972PDN	51032	ENCODE Processing Pipeline	e9899aee5e2765c75a27bd2c8db8cdce		https://www.encodeproject.org/files/ENCFF593FGJ/@@download/ENCFF593FGJ.bed.gz	hg19			released		low read length, low read depth	biological replicates with identical biosample		
ENCFF266JBU	bed narrowPeak	conservative idr thresholded peaks	ENCSR207PFI	ChIP-seq	EFO:0002784	GM12878	cell line	Homo sapiens				ZBED1-human	DNA					False	2016-02-05	ENCODE				1, 2							ENCFF001TDO, ENCFF196ECC, ENCFF493ZGH, ENCFF846TRX	148381	ENCODE Processing Pipeline	75f8120aab0d90b0c8f68f250e263996		https://www.encodeproject.org/files/ENCFF266JBU/@@download/ENCFF266JBU.bed.gz	hg19			released		borderline replicate concordance			
ENCFF890HDX	bed narrowPeak	conservative idr thresholded peaks	ENCSR192AFN	ChIP-seq	EFO:0002784	GM12878	cell line	Homo sapiens				PAX8-human	DNA					False	2017-11-30	ENCODE				1, 2							ENCFF001TDO, ENCFF268ECX, ENCFF350LWS, ENCFF769CZK	46332	ENCODE Processing Pipeline	d5981149e428091b0580deba65fcd932		https://www.encodeproject.org/files/ENCFF890HDX/@@download/ENCFF890HDX.bed.gz	hg19			released		moderate library complexity, mild to moderate bottlenecking	experiment not submitted to GEO		
ENCFF197TYK	bed narrowPeak	conservative idr thresholded peaks	ENCSR293QAR	ChIP-seq	EFO:0002784	GM12878	cell line	Homo sapiens				MTA2-human	DNA					False	2016-09-20	ENCODE				1, 2							ENCFF001TDO, ENCFF407KWG, ENCFF494SRY, ENCFF593KRH	699697	ENCODE Processing Pipeline	ab295d1f6e13de16b0486d14c6f2b109		https://www.encodeproject.org/files/ENCFF197TYK/@@download/ENCFF197TYK.bed.gz	hg19			released		moderate library complexity, mild to moderate bottlenecking, low read depth			
ENCFF113VFJ	bed narrowPeak	conservative idr thresholded peaks	ENCSR793HVL	ChIP-seq	EFO:0002784	GM12878	cell line	Homo sapiens				E2F8-human	DNA					False	2018-01-26	ENCODE				1, 2							ENCFF001TDO, ENCFF437MOX, ENCFF482LKM, ENCFF706SMS	91541	ENCODE Processing Pipeline	d1296fa79c4fc76c95424a3b714fc5b9		https://www.encodeproject.org/files/ENCFF113VFJ/@@download/ENCFF113VFJ.bed.gz	hg19			released		moderate library complexity, mild to moderate bottlenecking, low read depth	experiment not submitted to GEO	partially characterized antibody	
ENCFF494DOZ	bed narrowPeak	conservative idr thresholded peaks	ENCSR000DZV	ChIP-seq	EFO:0002784	GM12878	cell line	Homo sapiens				STAT3-human	DNA		see document	see document		False	2011-10-29	ENCODE				1, 2							ENCFF001TDO, ENCFF211SUY, ENCFF234PNC, ENCFF318RHH	94983	ENCODE Processing Pipeline	af713cd9a66c0c8b0e08bc1d92e129e2		https://www.encodeproject.org/files/ENCFF494DOZ/@@download/ENCFF494DOZ.bed.gz	hg19			released		inconsistent target of control experiment, low read length, low read depth, borderline replicate concordance	biological replicates with identical biosample		
ENCFF742XOI	bed narrowPeak	conservative idr thresholded peaks	ENCSR626VUC	ChIP-seq	EFO:0002784	GM12878	cell line	Homo sapiens				ETV6-human	DNA		see document	see document		False	2014-07-07	ENCODE				1, 2							ENCFF001TDO, ENCFF021LAP, ENCFF283QCO, ENCFF305DNA	251620	ENCODE Processing Pipeline	7c8b9118a0087a075d49c5d7a0952c12		https://www.encodeproject.org/files/ENCFF742XOI/@@download/ENCFF742XOI.bed.gz	hg19			released		antibody characterized with exemption, borderline replicate concordance			
ENCFF972SOG	bed narrowPeak	conservative idr thresholded peaks	ENCSR626VUC	ChIP-seq	EFO:0002784	GM12878	cell line	Homo sapiens				ETV6-human	DNA		see document	see document		False	2014-07-07	ENCODE				1, 2							ENCFF001TDO, ENCFF162BDU, ENCFF496IEH, ENCFF777XYO	229670	ENCODE Processing Pipeline	8e8a22cc5e08a12827fd8705e6db2cf8		https://www.encodeproject.org/files/ENCFF972SOG/@@download/ENCFF972SOG.bed.gz	hg19			archived		antibody characterized with exemption, borderline replicate concordance			
ENCFF127WGD	bed narrowPeak	conservative idr thresholded peaks	ENCSR976TBC	ChIP-seq	EFO:0002784	GM12878	cell line	Homo sapiens				IRF5-human	DNA					False	2017-02-21	ENCODE				1, 2							ENCFF001TDO, ENCFF341MQJ, ENCFF863BUI, ENCFF877SBO	30866	ENCODE Processing Pipeline	b92ead80195e6c5e370749dccfe4f410		https://www.encodeproject.org/files/ENCFF127WGD/@@download/ENCFF127WGD.bed.gz	hg19			released		borderline replicate concordance			
ENCFF565SXH	bed narrowPeak	conservative idr thresholded peaks	ENCSR000BKA	ChIP-seq	EFO:0002784	GM12878	cell line	Homo sapiens				ETS1-human	DNA		see document	see document		False	2011-07-18	ENCODE				1, 2							ENCFF001TDO, ENCFF075PCI, ENCFF570ZKC, ENCFF883DUG	190404	ENCODE Processing Pipeline	f7bbc9921859f1a9056d4ef23f3d1ccd		https://www.encodeproject.org/files/ENCFF565SXH/@@download/ENCFF565SXH.bed.gz	hg19			released		moderate library complexity, low read length, mild to moderate bottlenecking, low read depth, borderline replicate concordance	biological replicates with identical biosample		
ENCFF991QKE	bed narrowPeak	conservative idr thresholded peaks	ENCSR145XQO	ChIP-seq	EFO:0002784	GM12878	cell line	Homo sapiens				HDGF-human	DNA					False	2016-08-24	ENCODE				1, 2							ENCFF001TDO, ENCFF432SFP, ENCFF637CIX, ENCFF816GZA	315561	ENCODE Processing Pipeline	0f90970b02d5a7404fcdb69263f4e5d7		https://www.encodeproject.org/files/ENCFF991QKE/@@download/ENCFF991QKE.bed.gz	hg19			released		antibody characterized with exemption			
ENCFF752VNM	bed narrowPeak	conservative idr thresholded peaks	ENCSR000BQZ	ChIP-seq	EFO:0002784	GM12878	cell line	Homo sapiens				STAT5A-human	DNA		see document	see document		False	2012-02-29	ENCODE				1, 2							ENCFF001TDO, ENCFF447TGK, ENCFF772NOR, ENCFF876BBG	182296	ENCODE Processing Pipeline	6b91d7841a3ca75afed517f864206555		https://www.encodeproject.org/files/ENCFF752VNM/@@download/ENCFF752VNM.bed.gz	hg19			released		low read length, inconsistent platforms	biological replicates with identical biosample		
ENCFF618KHI	bed narrowPeak	conservative idr thresholded peaks	ENCSR711XNY	ChIP-seq	EFO:0002784	GM12878	cell line	Homo sapiens				PKNOX1-human	DNA					False	2016-11-17	ENCODE				1, 2							ENCFF001TDO, ENCFF049YTC, ENCFF583BIS, ENCFF825QFX	472332	ENCODE Processing Pipeline	a748bf20f034d371da0956242b448c51		https://www.encodeproject.org/files/ENCFF618KHI/@@download/ENCFF618KHI.bed.gz	hg19			released		mild to moderate bottlenecking			
ENCFF255HIR	bed narrowPeak	conservative idr thresholded peaks	ENCSR514VYD	ChIP-seq	EFO:0002784	GM12878	cell line	Homo sapiens				NR2F1-human	DNA					False	2017-04-14	ENCODE				1, 2							ENCFF001TDO, ENCFF241KMD, ENCFF766CJW, ENCFF878DLA	617371	ENCODE Processing Pipeline	ea6af5b6ecf486717609213382a32a01		https://www.encodeproject.org/files/ENCFF255HIR/@@download/ENCFF255HIR.bed.gz	hg19			released		mild to moderate bottlenecking			
ENCFF393KDR	bed narrowPeak	conservative idr thresholded peaks	ENCSR199WXF	ChIP-seq	EFO:0002784	GM12878	cell line	Homo sapiens				EED-human	DNA					False	2016-03-30	ENCODE				1, 2							ENCFF001TDO, ENCFF050FWJ, ENCFF254LCG, ENCFF327ANX	557790	ENCODE Processing Pipeline	47c0e8c63a412e4f81edf836f9099541		https://www.encodeproject.org/files/ENCFF393KDR/@@download/ENCFF393KDR.bed.gz	hg19			released		antibody characterized with exemption, low read depth			
ENCFF784PEF	bed narrowPeak	conservative idr thresholded peaks	ENCSR897MMC	ChIP-seq	EFO:0002784	GM12878	cell line	Homo sapiens				JUNB-human	DNA					False	2016-06-13	ENCODE				1, 2							ENCFF001TDO, ENCFF236WSQ, ENCFF294GPL, ENCFF332JOV	553142	ENCODE Processing Pipeline	3fede0783916eef96e713883690d0993		https://www.encodeproject.org/files/ENCFF784PEF/@@download/ENCFF784PEF.bed.gz	hg19			released		mild to moderate bottlenecking, antibody characterized with exemption			
ENCFF968KDX	bed narrowPeak	conservative idr thresholded peaks	ENCSR000DZW	ChIP-seq	EFO:0002784	GM12878	cell line	Homo sapiens				RFX5-human	DNA		see document	see document		False	2011-10-29	ENCODE				1, 2							ENCFF001TDO, ENCFF381NIE, ENCFF628ZZL, ENCFF868UJU	87660	ENCODE Processing Pipeline	af9058a336a5f3bf39b5a34f6b37af34		https://www.encodeproject.org/files/ENCFF968KDX/@@download/ENCFF968KDX.bed.gz	hg19			released		inconsistent target of control experiment, low read length, low read depth	biological replicates with identical biosample		
ENCFF133GHG	bed narrowPeak	conservative idr thresholded peaks	ENCSR000BQK	ChIP-seq	EFO:0002784	GM12878	cell line	Homo sapiens				ATF2-human	DNA		see document	see document		False	2012-02-29	ENCODE				1, 2							ENCFF001TDO, ENCFF071BNB, ENCFF378GKG, ENCFF599NQC	478482	ENCODE Processing Pipeline	697af8c7cb34aa9dab3e3cabf59c6eea		https://www.encodeproject.org/files/ENCFF133GHG/@@download/ENCFF133GHG.bed.gz	hg19			released		low read length, inconsistent platforms	biological replicates with identical biosample		
ENCFF611WSJ	bed narrowPeak	conservative idr thresholded peaks	ENCSR000BRH	ChIP-seq	EFO:0002784	GM12878	cell line	Homo sapiens				MTA3-human	DNA		see document	see document		False	2012-02-29	ENCODE				1, 2							ENCFF001TDO, ENCFF496UYK, ENCFF574RLW, ENCFF600RTA	244271	ENCODE Processing Pipeline	e04c0db5534192819aaab3547f10e094		https://www.encodeproject.org/files/ENCFF611WSJ/@@download/ENCFF611WSJ.bed.gz	hg19			released		low read length, inconsistent platforms, borderline replicate concordance	biological replicates with identical biosample		
ENCFF602KMQ	bed narrowPeak	conservative idr thresholded peaks	ENCSR657PEW	ChIP-seq	EFO:0002784	GM12878	cell line	Homo sapiens				LARP7-human	DNA					False	2017-05-17	ENCODE				1, 2							ENCFF001TDO, ENCFF158FTT, ENCFF800ZWF, ENCFF892XIH	356396	ENCODE Processing Pipeline	23cfa50e3bf5b71d971024751bfe3f9f		https://www.encodeproject.org/files/ENCFF602KMQ/@@download/ENCFF602KMQ.bed.gz	hg19			released		mild to moderate bottlenecking			
ENCFF327NLV	bed narrowPeak	conservative idr thresholded peaks	ENCSR000DZZ	ChIP-seq	EFO:0002784	GM12878	cell line	Homo sapiens				TBP-human	DNA		see document	see document		False	2011-10-29	ENCODE				1, 2							ENCFF001TDO, ENCFF052EPC, ENCFF054TZW, ENCFF113YPN	280153	ENCODE Processing Pipeline	4359d75c821f817cf46ca0072a0c669a		https://www.encodeproject.org/files/ENCFF327NLV/@@download/ENCFF327NLV.bed.gz	hg19			released		inconsistent target of control experiment, low read length, low read depth, borderline replicate concordance	biological replicates with identical biosample		
ENCFF538XDH	bed narrowPeak	conservative idr thresholded peaks	ENCSR784VIQ	ChIP-seq	EFO:0002784	GM12878	cell line	Homo sapiens				NR2C1-human	DNA					False	2017-06-07	ENCODE				1, 2							ENCFF001TDO, ENCFF041WNR, ENCFF119UKJ, ENCFF685WLQ	163852	ENCODE Processing Pipeline	9e1ac4889ae50348ad6e94c9915c5570		https://www.encodeproject.org/files/ENCFF538XDH/@@download/ENCFF538XDH.bed.gz	hg19			released		moderate library complexity, mild to moderate bottlenecking, antibody characterized with exemption			
ENCFF686JJM	bed narrowPeak	conservative idr thresholded peaks	ENCSR000DZS	ChIP-seq	EFO:0002784	GM12878	cell line	Homo sapiens				BRCA1-human	DNA		see document	see document		False	2011-10-29	ENCODE				1, 2							ENCFF001TDO, ENCFF093WNM, ENCFF106CWI, ENCFF443VLF	9816	ENCODE Processing Pipeline	d0187eb5fbc839caa280c6395173d2ba		https://www.encodeproject.org/files/ENCFF686JJM/@@download/ENCFF686JJM.bed.gz	hg19			released		inconsistent target of control experiment, low read length, low read depth, borderline replicate concordance	biological replicates with identical biosample	insufficient replicate concordance	
ENCFF762AZG	bed narrowPeak	conservative idr thresholded peaks	ENCSR974OFJ	ChIP-seq	EFO:0002784	GM12878	cell line	Homo sapiens				KLF5-human	DNA					False	2014-07-07	ENCODE				1, 2							ENCFF001TDO, ENCFF219UCA, ENCFF630UZO, ENCFF782MKD	142482	ENCODE Processing Pipeline	04c96f4e6341541801ffe906cd938dfc		https://www.encodeproject.org/files/ENCFF762AZG/@@download/ENCFF762AZG.bed.gz	hg19			released		mild to moderate bottlenecking	experiment not submitted to GEO	partially characterized antibody	
ENCFF325FCK	bed narrowPeak	conservative idr thresholded peaks	ENCSR000BGS	ChIP-seq	EFO:0002784	GM12878	cell line	Homo sapiens				TAF1-human	DNA		see document	see document		False	2011-07-18	ENCODE				1, 2							ENCFF001TDO, ENCFF270KWZ, ENCFF466MWY, ENCFF626GCR	251008	ENCODE Processing Pipeline	b888ed8b09e2012ec79b20eb1519b618		https://www.encodeproject.org/files/ENCFF325FCK/@@download/ENCFF325FCK.bed.gz	hg19			released		low read length, mild to moderate bottlenecking, low read depth, borderline replicate concordance	biological replicates with identical biosample		
ENCFF742LLN	bed narrowPeak	conservative idr thresholded peaks	ENCSR408JQO	ChIP-seq	EFO:0002784	GM12878	cell line	Homo sapiens				IRF3-human	DNA					False	2014-07-07	ENCODE				1, 2							ENCFF001TDO, ENCFF294PGV, ENCFF527ONY, ENCFF942POQ	54792	ENCODE Processing Pipeline	d39c411d0f2d16675656a3266c196d5c		https://www.encodeproject.org/files/ENCFF742LLN/@@download/ENCFF742LLN.bed.gz	hg19			released		mild to moderate bottlenecking			
ENCFF880CYV	bed narrowPeak	conservative idr thresholded peaks	ENCSR408JQO	ChIP-seq	EFO:0002784	GM12878	cell line	Homo sapiens				IRF3-human	DNA					False	2014-07-07	ENCODE				1, 2							ENCFF001TDO, ENCFF035PSF, ENCFF706IKA, ENCFF789FWH	48104	ENCODE Processing Pipeline	d2668df4c030cb671b7fbeffd1b8a58f		https://www.encodeproject.org/files/ENCFF880CYV/@@download/ENCFF880CYV.bed.gz	hg19			archived		mild to moderate bottlenecking			
ENCFF165XUL	bed narrowPeak	conservative idr thresholded peaks	ENCSR764CZW	ChIP-seq	EFO:0002784	GM12878	cell line	Homo sapiens				ZNF217-human	DNA					False	2017-06-07	ENCODE				1, 2							ENCFF001TDO, ENCFF021SAT, ENCFF589PUL, ENCFF736WSI	272201	ENCODE Processing Pipeline	c0d41935971600e35134399ca56de319		https://www.encodeproject.org/files/ENCFF165XUL/@@download/ENCFF165XUL.bed.gz	hg19			released		mild to moderate bottlenecking, antibody characterized with exemption			
ENCFF356UKE	bed narrowPeak	conservative idr thresholded peaks	ENCSR597VGC	ChIP-seq	EFO:0002784	GM12878	cell line	Homo sapiens				ETV6-human	DNA					False	2014-07-07	ENCODE				1, 2							ENCFF001TDO, ENCFF831JVY, ENCFF862QRJ, ENCFF959JZX	51429	ENCODE Processing Pipeline	59d500e6b074299d2b6f2028733b9279		https://www.encodeproject.org/files/ENCFF356UKE/@@download/ENCFF356UKE.bed.gz	hg19			released		moderate library complexity, mild to moderate bottlenecking, low read depth, borderline replicate concordance			
ENCFF578GCS	bed narrowPeak	conservative idr thresholded peaks	ENCSR597VGC	ChIP-seq	EFO:0002784	GM12878	cell line	Homo sapiens				ETV6-human	DNA					False	2014-07-07	ENCODE				1, 2							ENCFF001TDO, ENCFF223SSQ, ENCFF229JRX, ENCFF619OWB	42050	ENCODE Processing Pipeline	6dd2e644e71b971775d48a2d75715525		https://www.encodeproject.org/files/ENCFF578GCS/@@download/ENCFF578GCS.bed.gz	hg19			archived		moderate library complexity, mild to moderate bottlenecking, low read depth, borderline replicate concordance			
ENCFF226KLT	bed narrowPeak	conservative idr thresholded peaks	ENCSR514VAY	ChIP-seq	EFO:0002784	GM12878	cell line	Homo sapiens				HCFC1-human	DNA					False	2014-07-07	ENCODE				1, 2							ENCFF001TDO, ENCFF251KCB, ENCFF567MQM, ENCFF894EBL	148589	ENCODE Processing Pipeline	58df8cb1f9bd480a3ec373e6a4b131f4		https://www.encodeproject.org/files/ENCFF226KLT/@@download/ENCFF226KLT.bed.gz	hg19			released		low read length			
ENCFF062INM	bed narrowPeak	conservative idr thresholded peaks	ENCSR514VAY	ChIP-seq	EFO:0002784	GM12878	cell line	Homo sapiens				HCFC1-human	DNA					False	2014-07-07	ENCODE				1, 2							ENCFF001TDO, ENCFF620ZVU, ENCFF750GSF, ENCFF807ESQ	128437	ENCODE Processing Pipeline	1606a1f74db0a10503d65a03ceaaa2c9		https://www.encodeproject.org/files/ENCFF062INM/@@download/ENCFF062INM.bed.gz	hg19			archived		low read length			
ENCFF528EPB	bed narrowPeak	conservative idr thresholded peaks	ENCSR000EAA	ChIP-seq	EFO:0002784	GM12878	cell line	Homo sapiens				WRNIP1-human	DNA		see document	see document		False	2011-10-29	ENCODE				1, 2							ENCFF001TDO, ENCFF317FDH, ENCFF686FNX, ENCFF792ZIP	143025	ENCODE Processing Pipeline	3f618a697af113be4d5edb9d7305f227		https://www.encodeproject.org/files/ENCFF528EPB/@@download/ENCFF528EPB.bed.gz	hg19			released		inconsistent target of control experiment, low read length, low read depth, borderline replicate concordance	biological replicates with identical biosample		
ENCFF969FVF	bed narrowPeak	conservative idr thresholded peaks	ENCSR014YCR	ChIP-seq	EFO:0002784	GM12878	cell line	Homo sapiens				ATF7-human	DNA					False	2016-07-08	ENCODE				1, 2							ENCFF001TDO, ENCFF225TLM, ENCFF640EFU, ENCFF938MOR	593012	ENCODE Processing Pipeline	f04890d02a0249bd9f452aaf432cb5aa		https://www.encodeproject.org/files/ENCFF969FVF/@@download/ENCFF969FVF.bed.gz	hg19			released		mild to moderate bottlenecking, low read depth			
ENCFF496PLN	bed narrowPeak	conservative idr thresholded peaks	ENCSR000DZP	ChIP-seq	EFO:0002784	GM12878	cell line	Homo sapiens				SMC3-human	DNA		see document	see document		False	2011-10-29	ENCODE				1, 2							ENCFF001TDO, ENCFF027ZKP, ENCFF246ZRW, ENCFF249QCH	346205	ENCODE Processing Pipeline	1d4b668c7e10bf1bfd1e1eb5a081a3cf		https://www.encodeproject.org/files/ENCFF496PLN/@@download/ENCFF496PLN.bed.gz	hg19			released		inconsistent target of control experiment, low read length, borderline replicate concordance	biological replicates with identical biosample		
ENCFF147DQK	bed narrowPeak	conservative idr thresholded peaks	ENCSR000BRI	ChIP-seq	EFO:0002784	GM12878	cell line	Homo sapiens				RUNX3-human	DNA		see document	see document		False	2012-02-29	ENCODE				1, 2							ENCFF001TDO, ENCFF308ISM, ENCFF670DLM, ENCFF689WPU	1067367	ENCODE Processing Pipeline	bed2c322ce905180a0ff3dc14e658782		https://www.encodeproject.org/files/ENCFF147DQK/@@download/ENCFF147DQK.bed.gz	hg19			released		low read length, inconsistent platforms	biological replicates with identical biosample		
ENCFF159CAD	bed narrowPeak	conservative idr thresholded peaks	ENCSR637QAM	ChIP-seq	EFO:0002784	GM12878	cell line	Homo sapiens				TRIM22-human	DNA					False	2014-07-07	ENCODE				1, 2							ENCFF001TDO, ENCFF048WFQ, ENCFF087YWI, ENCFF314KVP	299778	ENCODE Processing Pipeline	09bbd7133eeabdb3f955f7336850aea7		https://www.encodeproject.org/files/ENCFF159CAD/@@download/ENCFF159CAD.bed.gz	hg19			released		moderate library complexity, mild to moderate bottlenecking			
ENCFF169ZWD	bed narrowPeak	conservative idr thresholded peaks	ENCSR637QAM	ChIP-seq	EFO:0002784	GM12878	cell line	Homo sapiens				TRIM22-human	DNA					False	2014-07-07	ENCODE				1, 2							ENCFF001TDO, ENCFF776OJT, ENCFF779SCE, ENCFF829ZUO	244958	ENCODE Processing Pipeline	d48e8002b562c88a9b055dea07239329		https://www.encodeproject.org/files/ENCFF169ZWD/@@download/ENCFF169ZWD.bed.gz	hg19			archived		moderate library complexity, mild to moderate bottlenecking			
ENCFF739VBA	bed narrowPeak	conservative idr thresholded peaks	ENCSR387QUV	ChIP-seq	EFO:0002784	GM12878	cell line	Homo sapiens				RELB-human	DNA					False	2017-02-21	ENCODE				1, 2							ENCFF001TDO, ENCFF355VTC, ENCFF747HDW, ENCFF967CAZ	705800	ENCODE Processing Pipeline	ec5a897f10c3d09972e5e87ace8881fe		https://www.encodeproject.org/files/ENCFF739VBA/@@download/ENCFF739VBA.bed.gz	hg19			released		moderate library complexity, mild to moderate bottlenecking, low read depth			
ENCFF515HWO	bed narrowPeak	conservative idr thresholded peaks	ENCSR739IHN	ChIP-seq	EFO:0002784	GM12878	cell line	Homo sapiens				TBX21-human	DNA					False	2016-06-14	ENCODE				1, 2							ENCFF001TDO, ENCFF096FPV, ENCFF869HSY, ENCFF902EUL	480476	ENCODE Processing Pipeline	6e3685707be0e66d9511c5d64b130d18		https://www.encodeproject.org/files/ENCFF515HWO/@@download/ENCFF515HWO.bed.gz	hg19			released		moderate library complexity, mild to moderate bottlenecking, low read depth			
ENCFF506ECO	bed narrowPeak	conservative idr thresholded peaks	ENCSR205SKQ	ChIP-seq	EFO:0002784	GM12878	cell line	Homo sapiens				YBX1-human	DNA					False	2016-08-24	ENCODE				1, 2							ENCFF001TDO, ENCFF009QEI, ENCFF015RED, ENCFF019TVN	18616	ENCODE Processing Pipeline	13364c0c17adef54726c027f852ab309		https://www.encodeproject.org/files/ENCFF506ECO/@@download/ENCFF506ECO.bed.gz	hg19			released		antibody characterized with exemption, borderline replicate concordance			
ENCFF337XDI	bed narrowPeak	conservative idr thresholded peaks	ENCSR680UQE	ChIP-seq	EFO:0002784	GM12878	cell line	Homo sapiens				IKZF2-human	DNA					False	2017-02-21	ENCODE				1, 2							ENCFF001TDO, ENCFF379VSR, ENCFF431GOQ, ENCFF515FMR	707927	ENCODE Processing Pipeline	8590b47ba9e5029572e480c0556dbced		https://www.encodeproject.org/files/ENCFF337XDI/@@download/ENCFF337XDI.bed.gz	hg19			released		moderate library complexity, mild to moderate bottlenecking			
ENCFF527XHG	bed narrowPeak	conservative idr thresholded peaks	ENCSR849WCQ	ChIP-seq	EFO:0002784	GM12878	cell line	Homo sapiens				ASH2L-human	DNA					False	2017-01-08	ENCODE				1, 2							ENCFF001TDO, ENCFF217GDM, ENCFF684QPN, ENCFF801ULT	101110	ENCODE Processing Pipeline	cf1d063b6ca6d1a88ef09326759479a7		https://www.encodeproject.org/files/ENCFF527XHG/@@download/ENCFF527XHG.bed.gz	hg19			released		mild to moderate bottlenecking, low read depth, borderline replicate concordance			
ENCFF263YTU	bed narrowPeak	conservative idr thresholded peaks	ENCSR859FDL	ChIP-seq	EFO:0002784	GM12878	cell line	Homo sapiens				ZNF687-human	DNA					False	2017-06-26	ENCODE				1, 2							ENCFF001TDO, ENCFF052WWT, ENCFF348CSG, ENCFF665KNY	536877	ENCODE Processing Pipeline	dea82036dc36c33a6345ede5b37798d8		https://www.encodeproject.org/files/ENCFF263YTU/@@download/ENCFF263YTU.bed.gz	hg19			released		moderate library complexity, mild to moderate bottlenecking			
ENCFF031TYY	bed narrowPeak	conservative idr thresholded peaks	ENCSR372GIN	ChIP-seq	EFO:0002784	GM12878	cell line	Homo sapiens				CBX5-human	DNA					False	2016-10-27	ENCODE				1, 2							ENCFF001TDO, ENCFF454MFQ, ENCFF799MMA, ENCFF836SKU	167872	ENCODE Processing Pipeline	6b186fa9eb84e4b964f124526a34df6b		https://www.encodeproject.org/files/ENCFF031TYY/@@download/ENCFF031TYY.bed.gz	hg19			released		moderate library complexity, mild to moderate bottlenecking, inconsistent platforms, low read depth			
ENCFF708VKT	bed narrowPeak	conservative idr thresholded peaks	ENCSR000BGY	ChIP-seq	EFO:0002784	GM12878	cell line	Homo sapiens				IRF4-human	DNA		see document	see document		False	2011-07-18	ENCODE				1, 2							ENCFF001TDO, ENCFF379LXD, ENCFF713DPM, ENCFF947MLS	315101	ENCODE Processing Pipeline	b6b0d325ed2169805f43683f229211e5		https://www.encodeproject.org/files/ENCFF708VKT/@@download/ENCFF708VKT.bed.gz	hg19			released		low read length, low read depth	biological replicates with identical biosample		
ENCFF759PVA	bed narrowPeak	conservative idr thresholded peaks	ENCSR000BGZ	ChIP-seq	EFO:0002784	GM12878	cell line	Homo sapiens				TCF12-human	DNA		see document	see document		False	2011-07-18	ENCODE				1, 2							ENCFF001TDO, ENCFF571QYV, ENCFF734EMB, ENCFF814CGS	357053	ENCODE Processing Pipeline	b0b344ab04a7ab4a1a59472d2924da61		https://www.encodeproject.org/files/ENCFF759PVA/@@download/ENCFF759PVA.bed.gz	hg19			released		low read length, mild to moderate bottlenecking, low read depth	biological replicates with identical biosample		
ENCFF627POZ	bed narrowPeak	conservative idr thresholded peaks	ENCSR331HPA	ChIP-seq	EFO:0002784	GM12878	cell line	Homo sapiens				GABPA-human	DNA					False	2014-06-30	ENCODE				1, 2							ENCFF001TDO, ENCFF304VXR, ENCFF379IZI, ENCFF636JXY	120904	ENCODE Processing Pipeline	d9d4159d773eb0c2485be4b130402021		https://www.encodeproject.org/files/ENCFF627POZ/@@download/ENCFF627POZ.bed.gz	hg19			released		mild to moderate bottlenecking, antibody characterized with exemption, inconsistent platforms, low read depth	biological replicates with identical biosample		
ENCFF648COV	bed narrowPeak	conservative idr thresholded peaks	ENCSR000BHC	ChIP-seq	EFO:0002784	GM12878	cell line	Homo sapiens				ZBTB33-human	DNA		see document	see document		False	2011-07-18	ENCODE				1, 2							ENCFF001TDO, ENCFF141WKX, ENCFF372FLW, ENCFF891ZCM	40655	ENCODE Processing Pipeline	75b0cf33b49ff1b3fbc32d729881412b		https://www.encodeproject.org/files/ENCFF648COV/@@download/ENCFF648COV.bed.gz	hg19			released		low read length, low read depth	biological replicates with identical biosample		
ENCFF125YZO	bed narrowPeak	conservative idr thresholded peaks	ENCSR000BJZ	ChIP-seq	EFO:0002784	GM12878	cell line	Homo sapiens				BCLAF1-human	DNA		see document	see document		False	2011-07-18	ENCODE				1, 2							ENCFF001TDO, ENCFF590VTP, ENCFF591DYQ, ENCFF596IAY	343187	ENCODE Processing Pipeline	7a0c8568a7e4953b44459e55da64dc13		https://www.encodeproject.org/files/ENCFF125YZO/@@download/ENCFF125YZO.bed.gz	hg19			released		low read length, low read depth	biological replicates with identical biosample		
ENCFF501JIG	bed narrowPeak	conservative idr thresholded peaks	ENCSR189YYK	ChIP-seq	EFO:0002784	GM12878	cell line	Homo sapiens				ZBTB40-human	DNA					False	2016-09-20	ENCODE				1, 2							ENCFF001TDO, ENCFF297SZY, ENCFF321DBH, ENCFF742SNU	203868	ENCODE Processing Pipeline	71633b43918531b43bfe0ba56a97a8e9		https://www.encodeproject.org/files/ENCFF501JIG/@@download/ENCFF501JIG.bed.gz	hg19			released		moderate library complexity, mild to moderate bottlenecking, borderline replicate concordance			
ENCFF233OLS	bed narrowPeak	conservative idr thresholded peaks	ENCSR173ZVL	ChIP-seq	EFO:0002784	GM12878	cell line	Homo sapiens				ZNF592-human	DNA					False	2017-06-26	ENCODE				1, 2							ENCFF001TDO, ENCFF569JWR, ENCFF629PYS, ENCFF886RMX	120481	ENCODE Processing Pipeline	3b7f0f9961a2604fa160d0edf0e01a86		https://www.encodeproject.org/files/ENCFF233OLS/@@download/ENCFF233OLS.bed.gz	hg19			released		moderate library complexity, mild to moderate bottlenecking			
ENCFF773EXP	bed narrowPeak	conservative idr thresholded peaks	ENCSR860UHK	ChIP-seq	EFO:0002784	GM12878	cell line	Homo sapiens				CBFB-human	DNA					False	2016-06-13	ENCODE				1, 2							ENCFF001TDO, ENCFF273ZDS, ENCFF389NMB, ENCFF838ABE	308453	ENCODE Processing Pipeline	5a747a760a5777ccaa80f3becbd61f2c		https://www.encodeproject.org/files/ENCFF773EXP/@@download/ENCFF773EXP.bed.gz	hg19			released		antibody characterized with exemption, low read depth			
ENCFF608GYJ	bed narrowPeak	conservative idr thresholded peaks	ENCSR330EXS	ChIP-seq	EFO:0002784	GM12878	cell line	Homo sapiens				RBBP5-human	DNA					False	2016-11-23	ENCODE				1, 2							ENCFF001TDO, ENCFF728BVI, ENCFF893XGS, ENCFF982HET	31708	ENCODE Processing Pipeline	c81800fc085b810e7fbc397d75bd9024		https://www.encodeproject.org/files/ENCFF608GYJ/@@download/ENCFF608GYJ.bed.gz	hg19			released					
ENCFF567ENM	bed narrowPeak	conservative idr thresholded peaks	ENCSR412YGM	ChIP-seq	EFO:0002784	GM12878	cell line	Homo sapiens				ZSCAN29-human	DNA					False	2017-05-17	ENCODE				1, 2							ENCFF001TDO, ENCFF003TOD, ENCFF306UPG, ENCFF781FBO	80743	ENCODE Processing Pipeline	657da28f6dbcdcd492a96e42b7d56f0b		https://www.encodeproject.org/files/ENCFF567ENM/@@download/ENCFF567ENM.bed.gz	hg19			released		moderate library complexity, mild to moderate bottlenecking			
ENCFF269LZJ	bed narrowPeak	conservative idr thresholded peaks	ENCSR000BRN	ChIP-seq	EFO:0002784	GM12878	cell line	Homo sapiens				NFIC-human	DNA		see document	see document		False	2012-02-29	ENCODE				1, 2							ENCFF001TDO, ENCFF019FNI, ENCFF729EFK, ENCFF806NEN	534232	ENCODE Processing Pipeline	03f7a9c0cdd336f6c026fe75009d6e61		https://www.encodeproject.org/files/ENCFF269LZJ/@@download/ENCFF269LZJ.bed.gz	hg19			released		moderate library complexity, low read length, mild to moderate bottlenecking, inconsistent platforms, low read depth	biological replicates with identical biosample		
ENCFF291AYM	bed narrowPeak	conservative idr thresholded peaks	ENCSR861JUQ	ChIP-seq	EFO:0002784	GM12878	cell line	Homo sapiens				FOXK2-human	DNA					False	2017-01-27	ENCODE				1, 2							ENCFF001TDO, ENCFF014VXF, ENCFF348PZF, ENCFF870DSA	92017	ENCODE Processing Pipeline	494ab95cfe23df4bd90c90c2603c5a4f		https://www.encodeproject.org/files/ENCFF291AYM/@@download/ENCFF291AYM.bed.gz	hg19			released		moderate library complexity, mild to moderate bottlenecking			
ENCFF069KRU	bed narrowPeak	conservative idr thresholded peaks	ENCSR041XML	ChIP-seq	EFO:0002784	GM12878	cell line	Homo sapiens				SRF-human	DNA					False	2018-01-26	ENCODE				1, 2							ENCFF001TDO, ENCFF172UOB, ENCFF467WTS, ENCFF500GHH	283536	ENCODE Processing Pipeline	3ad6115fc98005ed4657fd0e2db1d73f		https://www.encodeproject.org/files/ENCFF069KRU/@@download/ENCFF069KRU.bed.gz	hg19			released		moderate library complexity, mild to moderate bottlenecking	experiment not submitted to GEO	partially characterized antibody	
ENCFF489GBB	bed narrowPeak	conservative idr thresholded peaks	ENCSR822AHX	ChIP-seq	EFO:0002784	GM12878	cell line	Homo sapiens				IKZF2-human	DNA					False	2017-06-23	ENCODE				1, 2							ENCFF001TDO, ENCFF015LAS, ENCFF121LDE, ENCFF658QMA	697788	ENCODE Processing Pipeline	ab9e42a12785cb026b7005d3c593bef2		https://www.encodeproject.org/files/ENCFF489GBB/@@download/ENCFF489GBB.bed.gz	hg19			released		moderate library complexity, mild to moderate bottlenecking			
ENCFF607ZXG	bed narrowPeak	conservative idr thresholded peaks	ENCSR549NPZ	ChIP-seq	EFO:0002784	GM12878	cell line	Homo sapiens				CBX3-human	DNA					False	2016-11-23	ENCODE				1, 2							ENCFF001TDO, ENCFF069WNS, ENCFF685NUU, ENCFF981HQF	8382	ENCODE Processing Pipeline	a88337e976aeb447418fa97d35b40024		https://www.encodeproject.org/files/ENCFF607ZXG/@@download/ENCFF607ZXG.bed.gz	hg19			released		low read depth			
ENCFF015IVD	bed narrowPeak	conservative idr thresholded peaks	ENCSR251OVJ	ChIP-seq	EFO:0002784	GM12878	cell line	Homo sapiens				SMAD5-human	DNA					False	2016-02-02	ENCODE				1, 2							ENCFF001TDO, ENCFF045XQS, ENCFF502RRE, ENCFF895ECZ	167546	ENCODE Processing Pipeline	a80330cca65530179c7e4f172ee420b1		https://www.encodeproject.org/files/ENCFF015IVD/@@download/ENCFF015IVD.bed.gz	hg19			released		antibody characterized with exemption, low read depth			
ENCFF194YJY	bed narrowPeak	conservative idr thresholded peaks	ENCSR251OVJ	ChIP-seq	EFO:0002784	GM12878	cell line	Homo sapiens				SMAD5-human	DNA					False	2016-02-02	ENCODE				1, 2							ENCFF001TDO, ENCFF413GIF, ENCFF553HHF, ENCFF794YQY	144623	ENCODE Processing Pipeline	f06e872ab0f8312854eec27f9bac80f4		https://www.encodeproject.org/files/ENCFF194YJY/@@download/ENCFF194YJY.bed.gz	hg19			archived		antibody characterized with exemption, low read depth			
ENCFF273GJL	bed narrowPeak	conservative idr thresholded peaks	ENCSR439WAF	ChIP-seq	EFO:0002784	GM12878	cell line	Homo sapiens				E4F1-human	DNA					False	2018-01-26	ENCODE				1, 2							ENCFF001TDO, ENCFF054XUN, ENCFF471IVB, ENCFF717MTX	80672	ENCODE Processing Pipeline	aeee6f6408a77cc93ed670d82e8f8ddc		https://www.encodeproject.org/files/ENCFF273GJL/@@download/ENCFF273GJL.bed.gz	hg19			released		mild to moderate bottlenecking	experiment not submitted to GEO	partially characterized antibody	
ENCFF343VAG	bed narrowPeak	conservative idr thresholded peaks	ENCSR874AFU	ChIP-seq	EFO:0002784	GM12878	cell line	Homo sapiens				IKZF1-human	DNA					False	2016-09-20	ENCODE				1, 2							ENCFF001TDO, ENCFF455HXY, ENCFF492EAL, ENCFF795PEX	981346	ENCODE Processing Pipeline	20f881850f0962d6e858458990dea10e		https://www.encodeproject.org/files/ENCFF343VAG/@@download/ENCFF343VAG.bed.gz	hg19			released		mild to moderate bottlenecking			
ENCFF663DKN	bed narrowPeak	conservative idr thresholded peaks	ENCSR000BIF	ChIP-seq	EFO:0002784	GM12878	cell line	Homo sapiens				POLR2AphosphoS5-human	DNA		see document	see document		False	2011-07-18	ENCODE				1, 2							ENCFF001TDO, ENCFF123VNC, ENCFF252XCG, ENCFF845PQC	589547	ENCODE Processing Pipeline	738c927bb59185d6c24d9ec6c22b66d3		https://www.encodeproject.org/files/ENCFF663DKN/@@download/ENCFF663DKN.bed.gz	hg19			released		low read length, mild to moderate bottlenecking, inconsistent platforms	biological replicates with identical biosample		
ENCFF169DMC	bed narrowPeak	conservative idr thresholded peaks	ENCSR000DZX	ChIP-seq	EFO:0002784	GM12878	cell line	Homo sapiens				IRF3-human	DNA		see document	see document		False	2011-10-29	ENCODE				1, 2							ENCFF001TDO, ENCFF271PVK, ENCFF434CQV, ENCFF678BIU	31231	ENCODE Processing Pipeline	cc2907c0d39515f81885744191d6045e		https://www.encodeproject.org/files/ENCFF169DMC/@@download/ENCFF169DMC.bed.gz	hg19			released		inconsistent target of control experiment, low read length, mild to moderate bottlenecking, low read depth, borderline replicate concordance	biological replicates with identical biosample		
ENCFF736ACY	bed narrowPeak	conservative idr thresholded peaks	ENCSR000BGU	ChIP-seq	EFO:0002784	GM12878	cell line	Homo sapiens				EBF1-human	DNA		see document	see document		False	2011-07-18	ENCODE				1, 2							ENCFF001TDO, ENCFF113PGY, ENCFF541IHJ, ENCFF920WQE	525301	ENCODE Processing Pipeline	ef9afa74aef1504f73fcfbacb65d45aa		https://www.encodeproject.org/files/ENCFF736ACY/@@download/ENCFF736ACY.bed.gz	hg19			released		low read length, low read depth	biological replicates with identical biosample		
